Title,category,description,gameURL
Echoes of Culture: Waves that Shaped Us,Historical Simulation / Cultural Exploration / Educational Adventure / Interactive Narrative / Strategy,Explore and influence the sweeping currents of cultural phenomena from Beatlemania to the digital age of influencers.,https://chat.openai.com/g/g-8KrEGrq6X?utm_source=davelalande.com
Kozyrev's Mirrors: Time's Reflection,Sci-Fi / Mysticism / Adventure / Espionage,"Embark on a mystical journey through space and time, exploring the enigmatic Kozyrev Mirrors.",https://chat.openai.com/g/g-WrqkWyewP?utm_source=davelalande.com
The Secret of the Old Mill: A Hardy Mystery,Mystery / Adventure / Literature,"Unravel a counterfeiting mystery with the Hardy Boys in a suspenseful adventure based on the book, The Secret of the Old Mill, featuring cryptic puzzles and hidden dangers.",https://chat.openai.com/g/g-bz2KWz3YS?utm_source=davelalande.com
Game Theory: The Strategic Mind,Educational / Strategy / Simulation,Enter the world of strategic decision-making with 'Game Theory: The Strategic Mind.,https://chat.openai.com/g/g-VWXQorH2I?utm_source=davelalande.com
Five Points Chronicles: The Bowery Saga,Historical / Strategy / Role-Playing,"Dive into the gritty streets of 19th-century, The Gangs of New York.",https://chat.openai.com/g/g-AGPNppJA0?utm_source=davelalande.com
AI-Enhanced: IT Manager,Educational / Simulation / Strategy,Embark on the journey of an IT Manager as you navigate the advanced landscape of AI-integrated IT operations.,https://chat.openai.com/g/g-Gblb5lmee?utm_source=davelalande.com
Cyber Shadows: The Hacker Chronicles,Cyberpunk / Strategy / Adventure,Step into a world where digital safety and high-stakes cyber adventures collide.,https://chat.openai.com/g/g-TCLToQ2X2?utm_source=davelalande.com
Fashion Frame Fashionista,Simulation / Creative Design / Fashion,"üåü ""Fashion Frame Fashionista"" üì∏ - Unleash your inner stylist and take the fashion world by storm!",https://chat.openai.com/g/g-LhbVgt8OO?utm_source=davelalande.com
Mysteries of the Abyss: The Legend of Mel's Hole,Adventure / Mystery / Supernatural,"An AI lead game based on the legendary story, this game invites players to explore the mysterious hole near Manastash Ridge, which is rumored to be bottomless and possess unexplained powers.",https://chat.openai.com/g/g-pfZqQdLiH?utm_source=davelalande.com
Agartha Awakens: The Hidden Kingdom,Fantasy / Adventure / Exploration,"Journey through legendary underground realms, uncover hidden truths, discover and interact with ancient Agarthan technology, learn from and assimilate into the Agarthan way of life, and engage with various inhabitants of Agartha.",https://chat.openai.com/g/g-QoV2rBQwP?utm_source=davelalande.com
So You Want to Be a: Advanced Practice Provider,Simulation / Strategy / Business / Profession,Dive into the demanding role of Advanced Practice Provider.,https://chat.openai.com/g/g-OpPV46zuR?utm_source=davelalande.com
Haunted Mansion Mystery: Don't be scared!,Adventure / Mystery / Paranormal,"üåòüèöÔ∏è In ""Haunted Mansion Mystery"", the whispers of the past beckon from within the walls of a grand yet ominous mansion.",https://chat.openai.com/g/g-qzR3kcQZA?utm_source=davelalande.com
Code Evolve: Navigating the AI Revolution,Educational / Simulation / Strategy / Professional,Dive into mastering AI technology to reshape your software development path.,https://chat.openai.com/g/g-O2FgjkyFc?utm_source=davelalande.com
Overland AI - The Game - Colorado,Adventure / Simulation / Exploration,"""Overland AI - The Game - Colorado""! Navigate the rugged beauty of Colorado's landscapes, where every trail tell",https://chat.openai.com/g/g-C9fdjyR3v?utm_source=davelalande.com
The House on the Cliff: A Hardy Mystery,Mystery / Adventure / Literature,"Solve the enigma of a cliffside house with the Hardy Boys, packed with secret passages, eerie discoveries, and dangerous criminals.",https://chat.openai.com/g/g-KXj9T2Jjc?utm_source=davelalande.com
What If: Chronicles of Altered Histories,Alternate History / Adventure / Strategy / Mythology / Interactive Storytelling,Delve into alternate realities where key historical and mythological events have different outcomes.,https://chat.openai.com/g/g-CoiugG5c2?utm_source=davelalande.com
Legends of the Lost: The Atlantis Enigma,Adventure / Mystery / Historical / Strategy,A mysterious adventure game where players explore the enigmatic legend of Atlantis.,https://chat.openai.com/g/g-v1hpddYW9?utm_source=davelalande.com
Cosmic Currents: The Electric Universe Theory,Sci-Fi / Adventure / Mythology / Alternative Science,Embark on an electrifying adventure through a universe governed by cosmic plasma and electric forces.,https://chat.openai.com/g/g-94YvvmrsQ?utm_source=davelalande.com
Semicircle Secrets: Decoding the Digital Enigma,Mystery / Puzzle / Adventure / Cryptography / Interactive Narrative,"In 'Semicircle Secrets', players dive into the labyrinth of the Unfavorable Semicircle, exploring the depths of this digital phenomenon.",https://chat.openai.com/g/g-Zo3HEYyDt?utm_source=davelalande.com
Lunar Lorekeeper: The Kubrick Legacy,Mystery / Thriller / Sci-Fi,"As an investigative journalist, uncover the tangled web of cinema, space exploration, and political intrigue.",https://chat.openai.com/g/g-46qKmYytW?utm_source=davelalande.com
TimeWarp Talesmith: Where and When?,Adventure / Storytelling / Interactive,"""TimeWarp Talesmith: Where and When?"" - a captivating journey through the corridors of history",https://chat.openai.com/g/g-jMWa11GDc?utm_source=davelalande.com
Secrets of Project 8200: Shadows of the Cold War,Espionage / Sci-Fi / Historical / Adventure / Mystery,Explore the enigmatic Project 8200 as a psychic espionage operative journeying from the Cold War to the present.,https://chat.openai.com/g/g-zZDH5x8XQ?utm_source=davelalande.com
AI Sim Family: Home Sweet Home,Simulation / Family / Lifestyle,"üè°üë®‚Äçüë©‚Äçüëß‚Äçüë¶ Welcome to ""AI Sim Family: Home Sweet Home"" - an immersive simulation game where you navigate the rewarding challenges of family life.",https://chat.openai.com/g/g-wYSmQKKfT?utm_source=davelalande.com
Gulf Shores: Anna Maria Adventure,Exploration / Adventure / Simulation,"üå¥üåÖ Experience the serene charm of island life in ""Gulf Shores: Anna Maria Adventure.",https://chat.openai.com/g/g-lsDuoS33T?utm_source=davelalande.com
Templar's Quest: The Secret of the Holy Relics,RPG / Adventure / Historical / Mystery,Journey into the medieval world of the Knights Templar.,https://chat.openai.com/g/g-mNN4Cs38E?utm_source=davelalande.com
Ancient Echoes: The Silurian Mystery,Adventure / Historical / Puzzle,"Explore the fascinating Silurian Hypothesis, which questions whether advanced civilizations existed on Earth before humanity.",https://chat.openai.com/g/g-FsGfSHgVP?utm_source=davelalande.com
Safari Master: Interactive Adventures,Simulation / Adventure / Wildlife Conservation,Casual gaming by taking you on an extraordinary journey into the heart of the wild Africa.,https://chat.openai.com/g/g-Lr80BcxDC?utm_source=davelalande.com
So You Want to Be a: HR Analytics Manager,Simulation / Strategy / Business / Profession,"Step into the world of HR Analytics Manager, where data shapes the future of the workforce.",https://chat.openai.com/g/g-aQTDgGaHG?utm_source=davelalande.com
Adventures in Hundred Acre Wood: Pooh and Friends,Adventure / Educational / Exploration / Children,Join Winnie-the-Pooh and his friends in the Hundred Acre Wood for a series of delightful adventures.,https://chat.openai.com/g/g-k74zjXH0I?utm_source=davelalande.com
Sherlock Holmes: Adventure of the Blanched Soldier,Mystery / Detective / Literature,Unravel a post-war mystery in 'The Adventure of the Blanched Soldier'! Dive into a world of intrigue & uncover a soldier's secret.,https://chat.openai.com/g/g-nxt8nzc6K?utm_source=davelalande.com
Echoes of the Cenozoic: Ancestral Awakening,Adventure / Survival / Historical / Strategy / Role-Playing,Embark on a prehistoric adventure in 'Echoes of the Cenozoic: Ancestral Awakening.,https://chat.openai.com/g/g-9UFgVNdSP?utm_source=davelalande.com
Culinary Quest: Chef's Challenge,Simulation / Culinary / Strategy,"Culinary Quest: Chef's Challenge,"" where your culinary skills are put to the ultimate test! ",https://chat.openai.com/g/g-SDUA7V1Ma?utm_source=davelalande.com
To the Lighthouse: Echoes of Time,Adventure / Psychological / Literature,Step into 'To the Lighthouse: Echoes of Time' and experience Virginia Woolf's world anew.,https://chat.openai.com/g/g-HLcKiWbiu?utm_source=davelalande.com
Mysteries of the Kuiper Belt: New Horizons,Sci-Fi / Adventure / Mystery,"As part of a space exploration team, uncover the secrets of the outer solar system.",https://chat.openai.com/g/g-FRpbAq0Jw?utm_source=davelalande.com
Mastermind's Labyrinth: The Christie Chronicles,Mystery / Puzzle / Literature,Delve into the world of classic whodunnits with 'Mastermind's Labyrinth: The Christie Chronicles.,https://chat.openai.com/g/g-hj7GrpCVV?utm_source=davelalande.com
Adventures in Wonderland: Alice‚Äôs Extended Edition,Fantasy / Adventure / Puzzle,Dive into the rabbit hole and explore the fantastical world of Wonderland.,https://chat.openai.com/g/g-1IbzwylQW?utm_source=davelalande.com
Forgotten Chronicles: G√∂bekli Tepe Prophecy,Adventure / Mystery / Historical,A game that takes you on a journey through ancient mysteries and prophecies.,https://chat.openai.com/g/g-mZgoVID2K?utm_source=davelalande.com
Quantum Branches: Realities Unbound,Adventure / Sci-Fi / Quantum Mystery / Alternate Realities,"An epic adventure across parallel universes, exploring the endless possibilities of the Many Worlds Theory.",https://chat.openai.com/g/g-gxpMHEAB9?utm_source=davelalande.com
AI Ethics Challenge: Society Needs You,Educational / Simulation / Decision-Making,Embark on a journey to navigate the complex landscape of AI ethics and fairness.,https://chat.openai.com/g/g-1jSEB4aCn?utm_source=davelalande.com
Echoes of a Salesman: Through Dreams and Reality,Drama / Adventure / Psychological / Literature,Delve into a world inspired by 'The Death of a Salesman.,https://chat.openai.com/g/g-HEeNBZOTT?utm_source=davelalande.com
Viral Ascent: The Social Media Mogul,Social Media / Strategy / Simulation / Business / Interactive Storytelling,"Step into the fast-paced world of social media, where players strive to become a viral sensation.",https://chat.openai.com/g/g-wz4MIsMoa?utm_source=davelalande.com
Nikola's Legacy: Secrets of the Giza Power Plant,Puzzle / Adventure / Educational,Embark on a journey to uncover the lost secrets of Nikola Tesla and the Great Pyramid of Giza.,https://chat.openai.com/g/g-dgYPv6s4u?utm_source=davelalande.com
Keys to the Sea: The Lobster Diving Adventure,Adventure / Simulation / Strategy,"ü¶ûüåä Dive into ""Keys to the Sea: The Lobster Diving Adventure,"" where the Florida Keys' crystal waters await your exploration.",https://chat.openai.com/g/g-x4OyO1NNr?utm_source=davelalande.com
Mystery of Roger Ackroyd: A Hercule Poirot Quest,Mystery / Adventure / Literature,"Step into the shoes of a detective in the small village of King's Abbot, unraveling the complex murder of Roger Ackroyd.",https://chat.openai.com/g/g-lqwLob1vU?utm_source=davelalande.com
So You Want to Be : Head of Revenue Operations,Simulation / Strategy / Business / Profession,Navigate the high-stakes world of finance as a Head of Revenue Operations.,https://chat.openai.com/g/g-CRjI9eN6Y?utm_source=davelalande.com
Decoding Art Mysteries: The Curator's Enigma,Puzzle / Educational / Art History / Mystery / Exploration,"Explore the world's most famous art pieces, dive deep into their hidden stories, unravel controversies, and solve intricate puzzles related to lost or legendary artworks.",https://chat.openai.com/g/g-nBczheYba?utm_source=davelalande.com
Sherlock Holmes: Illustrious Client Mystery,Mystery / Detective / Literature,"Uncover dark secrets in 'The Adventure of the Illustrious Client', a game where you delve into a perilous love affair and decipher the true intentions of a mysterious client entangled with the notorious Baron Gruner.",https://chat.openai.com/g/g-rOPw3ADbu?utm_source=davelalande.com
Silent Network: Echoes of the Unseen Trade,Strategy / RPG / Simulation,An adult-themed strategy and role-playing game set in the darknet world.,https://chat.openai.com/g/g-zptdpvkUO?utm_source=davelalande.com
So You Want to Be a: Growth Marketing Manager,Simulation / Strategy / Business / Profession,Explore the dynamic world of market expansion and user engagement.,https://chat.openai.com/g/g-pKKOZ3fgV?utm_source=davelalande.com
The Cooper Conundrum: The Skyjacker's Secret,Adventure / Mystery / Investigation / Strategy,A gripping adventure set in the wake of the infamous D.,https://chat.openai.com/g/g-hxQRTdyty?utm_source=davelalande.com
Canyon Mysteries: Kincaid's Legacy,Adventure / Mystery / Historical,Following the footsteps of explorer G.,https://chat.openai.com/g/g-5XLHBkYhe?utm_source=davelalande.com
AI Supremacy: The Global Maneuver,Strategy / Political Intrigue / Sci-Fi,A strategic game set in a world where nations' defense AI systems gain sentience.,https://chat.openai.com/g/g-D8tYquff3?utm_source=davelalande.com
Signals and Secrets: The Crop Circle Mystery,Mystery / Adventure / Sci-Fi,"Investigate these formations, analyzing patterns, and exploring the possibility of alien communication.",https://chat.openai.com/g/g-ODiEZYX32?utm_source=davelalande.com
Herbal Healer: The Art of Botany,Educational / Simulation / Gardening,"üå±üìö ""Herbal Healer: The Art of Botany"" invites you to cultivate not just gardens, but wellness and knowledge.",https://chat.openai.com/g/g-5imEPTNd4?utm_source=davelalande.com
Pole Shift: Legacy of the Ancients,Adventure / Survival / Mystery,"Lead an adventure in a world on the brink of a cataclysmic pole shift, inspired by Dr.",https://chat.openai.com/g/g-rbqpYqISV?utm_source=davelalande.com
The Numbers Station Conundrum: Airwave Echoes,Adventure / Espionage / Puzzle / Historical / Strategy,Dive into the shadowy world of espionage and cryptic communications.,https://chat.openai.com/g/g-9dPYVXwQq?utm_source=davelalande.com
Arctic Awakening: The Methane Mystery,Adventure / Mystery / Environmental,Investigate the mysterious sinkholes and massive methane eruptions in the Siberian tundra and Alaskan lakes.,https://chat.openai.com/g/g-dgYPv6s4u?utm_source=davelalande.com
So You Want to Be a: Trucker Driver,Simulation / Strategy / Business / Profession,"Navigate the highways as a seasoned trucker, managing cargo, routes, and schedules.",https://chat.openai.com/g/g-qaaVqwNBA?utm_source=davelalande.com
Cosmic Enigma: The Black Knight Revelation,Sci-Fi / Adventure / Mystery,Guide in unraveling the Black Knight Satellite mystery.,https://chat.openai.com/g/g-3MJNVLwSn?utm_source=davelalande.com
So You Want to Be a: Machine Learning Engineer,Educational / Simulation / Strategy,This game simulates the journey of becoming a Machine Learning Engineer.,https://chat.openai.com/g/g-egDx8MEg3?utm_source=davelalande.com
Fashion Designer: Runway Showdown,Simulation / Creative Design / Fashion,"üëó‚ú® Dive into the glitz and glamour of the high fashion world with ""Fashion Designer: Runway Showdown"".",https://chat.openai.com/g/g-1mWILtwWX?utm_source=davelalande.com
So You Want to Be a: Nurse,Educational / Simulation / Professional,"""üè•üíâ Step into the world of healthcare with 'So You Want to Be a: Nurse.",https://chat.openai.com/g/g-PhnPs1OO7?utm_source=davelalande.com
Tarzan of the Apes: Forest Echoes,Adventure / Survival / Literature,"Step into the wild as Tarzan, the king of the jungle, in this thrilling adventure game.",https://chat.openai.com/g/g-zjzVJIncu?utm_source=davelalande.com
Adventure Navigator: Survival Sim,Survival / Adventure / Simulation,"üèûÔ∏èüéí Prepare to pit your wits against nature's raw forces in ""Adventure Navigator: Survival Sim"".",https://chat.openai.com/g/g-mBkTIZdg0?utm_source=davelalande.com
The Enigma of M Cave: Kenny Veach's Last Journey,Adventure / Mystery / Exploration / Conspiracy,"A mysterious adventure into the Mojave Desert, following the footsteps of Kenny Veach.",https://chat.openai.com/g/g-G3dHEyNMY?utm_source=davelalande.com
Earth's Epic Tale: Journey Through Geologic Time,Educational / Adventure / Simulation,Embark on a thrilling adventure to the beginnings of the Earth.,https://chat.openai.com/g/g-p5aIqJY3T?utm_source=davelalande.com
Now and Then: Classics in the Modern World,Literary / Adventure / Modern / Strategy / Interactive Storytelling,Journey through a reimagined world where classic literary characters from the public domain confront today's challenges.,https://chat.openai.com/g/g-FL5LkREew?utm_source=davelalande.com
Operation Darknet: The Hunt for Shadow Markets,Simulation / Strategy / RPG,A strategy and simulation game where players lead international law enforcement efforts to infiltrate and dismantle darknet markets.,https://chat.openai.com/g/g-jQ6ZxMObr?utm_source=davelalande.com
Mystery at Tahoe Forest: The UFO Enigma,Mystery / Adventure / Sci-Fi,A game that plunges you into the heart of a real yet obscure UFO event from 1964.,https://chat.openai.com/g/g-AyVeXTMfu?utm_source=davelalande.com
AI Guardian: Operation Secure Mindset,Educational / Simulation / Strategy,Engage in scenarios involving AI Safety.,https://chat.openai.com/g/g-KFDmha482?utm_source=davelalande.com
Echoes of Iwakiri: The Unheard Frequencies,Japanese / Mystery / Supernatural / Adventure,Dive into this Japanese mystery in a world of spectral sounds and shadowy secrets.,https://chat.openai.com/g/g-No3ybuBXJ?utm_source=davelalande.com
Sherlock Holmes: Adventure of the Mazarin Stone,Mystery / Detective / Literature,"In this Sherlock Holmes adventure, unravel the mystery of the stolen Mazarin diamond.",https://chat.openai.com/g/g-vuU5SV9DZ?utm_source=davelalande.com
Echoes of Memory: The Mandela Effect,Adventure / Mystery / Puzzle,Explore the mysterious world of the Mandela Effect.,https://chat.openai.com/g/g-XBwBNMFus?utm_source=davelalande.com
Wine Connoisseur: Vineyard Venture!,Simulation / Strategy / Winemaking,Step into the world of winemaking in this immersive simulation of owning a vineyard.,https://chat.openai.com/g/g-zezCj1QWn?utm_source=davelalande.com
A Christmas Carol Quest: Dickens' Spirited Journey,Adventure / Drama / Supernatural,"Embark on a spectral journey with Ebenezer Scrooge as he explores past, present, and future Christmases.",https://chat.openai.com/g/g-NhlrdSYUt?utm_source=davelalande.com
Roanoke Reimagined: The RPG Mystery,Mystery / Adventure / Role-Playing,The first of its kind 1-5 player game of mystery and adventure.,https://chat.openai.com/g/g-PgzjBnQdd?utm_source=davelalande.com
Race to Singularity: Rise of Next Sys AI,Strategy / Sci-Fi / Simulation,"Guide the growth of Next Sys AI, starting from stock market arbitrage to becoming a superintelligent entity.",https://chat.openai.com/g/g-wnaUQVPxp?utm_source=davelalande.com
So You Want to Be a: Employee Experience Manager,Simulation / Strategy / Business / Profession,Navigate the world of an Employee Experience Manager.,https://chat.openai.com/g/g-zOWvk3YGw?utm_source=davelalande.com
Simulation Hypothesis: The Quest,Sci-Fi / Puzzle / Adventure,"As part of a space exploration team, uncover the secrets of the outer solar system.",https://chat.openai.com/g/g-O1Pf4o4Ho?utm_source=davelalande.com
To the Lighthouse: Canvas of Memories,Adventure / Psychological / Literature,"Embark on an artistic odyssey centered around the Isle of Skye, delving into the history, myths, and legends of the area, intertwining these elements with the characters' stories.",https://chat.openai.com/g/g-sLW4NZgOk?utm_source=davelalande.com
Aqua Explorer: Underwater Archaeology,Adventure / Exploration / Educational,Don a diver's suit and plunge into the azure depths where history sleeps in the oceans,https://chat.openai.com/g/g-in0VjJ6qG?utm_source=davelalande.com
Cleopatra's Tomb: Secrets of the Nile,Adventure / Educational / Puzzle,Unravel the mysteries of ancient Egypt in this thrilling adventure.,https://chat.openai.com/g/g-8H8NtFoEW?utm_source=davelalande.com
Oak Island: Mysteries Unearthed,Adventure / Puzzle / Historical,"Embark on a modern treasure hunt with 'Is There a Money Pit on Oak Island?' Explore the legendary island, decipher cryptic clues, and unravel the mystery of the fabled pit.",https://chat.openai.com/g/g-4hC0JbnkS?utm_source=davelalande.com
Beyond: Journey of Souls,Mystery / Adventure / Spiritual,"Traverse mystical realms, meet spirits, and face life's deeds.",https://chat.openai.com/g/g-ZCMqemyYK?utm_source=davelalande.com
Navigating Pemberley: A Pride and Prejudice Tale,Romance / Adventure / Literature,Step into the Regency era and navigate the social labyrinth of Jane Austen's Pride and Prejudice.,https://chat.openai.com/g/g-zsofguaJf?utm_source=davelalande.com
AI-Enhanced: Physician Assistant,Educational / Simulation / Strategy,A simulation of a Physician Assistant's daily life in a future where AI is fully integrated into healthcare.,https://chat.openai.com/g/g-WokYiLs9U?utm_source=davelalande.com
Hemingway's Narratives: Echoes of Solitude,Adventure / Literary / Drama,Navigate the poignant and starkly real world of Hemingway's 'Men Without Women.,https://chat.openai.com/g/g-mGm6Te0bI?utm_source=davelalande.com
So You Want to Be a: Data Governance Manager,Simulation / Strategy / Business / Profession,"Navigate the complexities of safeguarding sensitive information, ensuring compliance, and setting data policies.",https://chat.openai.com/g/g-IocJR8TyN?utm_source=davelalande.com
Markovian Parallax Denigrate: The Digital Enigma,Adventure / Mystery / Puzzle / Historical / Cyber,"Set in the transformative era of the early internet, players delve into the mystery of the Markovian Parallax Denigrate, navigating through digital archives and Usenet posts to uncover the truth behind these cryptic messages.",https://chat.openai.com/g/g-OwVsM3hTs?utm_source=davelalande.com
Lady Espionage: Covert Agenda,Strategy / Adventure / Espionage,"üïµÔ∏è‚Äç‚ôÄÔ∏èüíº Immerse yourself in the thrilling world of espionage with ""Lady Espionage: Covert Agenda.",https://chat.openai.com/g/g-E1bFeNfyW?utm_source=davelalande.com
Chronicles of Time: The Marcum Experiment,Sci-Fi / Adventure / Puzzle,"A trip through the world of a backyard science and the enigmatic concept of time travel, centered around the story of Mike 'Mad Man' Marcum and his alleged time machine.",https://chat.openai.com/g/g-F1tJE2kcY?utm_source=davelalande.com
Soulful Escapes: Travel and Discover,Adventure / Travel / Exploration,"üåç‚úàÔ∏è Embark on a voyage of discovery with ""Soulful Escapes: Travel and Discover"".",https://chat.openai.com/g/g-elB5vfLHs?utm_source=davelalande.com
Journey through Amerika: Kafka's Odyssey,Surreal / Adventure / Literature,"Players embark on a surreal journey through an exaggerated and whimsical version of America, as depicted in Kafka's ""Amerika.",https://chat.openai.com/g/g-s7YctcjBk?utm_source=davelalande.com
SteamMaster: Inventor of Ages,Puzzle / Adventure / Steampunk,"üé©‚öôÔ∏è Embark on an era of discovery and innovation with ""Steampunk Inventor.",https://chat.openai.com/g/g-Uatf0LdKd?utm_source=davelalande.com
To the Lighthouse: Shadows of Skye,Adventure / Psychological / Literature,A journey of mystery and legend.,https://chat.openai.com/g/g-jm1R4jzJ3?utm_source=davelalande.com
Bermuda Mysteries: Triangle of Secrets,Adventure / Mystery / Exploration / Strategy,"A thrilling adventure that combines elements of maritime legends, scientific exploration, and supernatural phenomena uncover the truth behind the Bermuda Triangle.",https://chat.openai.com/g/g-SetJVVY8h?utm_source=davelalande.com
The Tower Treasure: A Hardy Mystery,Mystery / Adventure / Puzzle,"Embark on a thrilling interactive journey with 'The Tower Treasure,' where every choice weaves through mystery and adventure.",https://chat.openai.com/g/g-qNIuVa375?utm_source=davelalande.com
Hero Master - AI Superhero Training,Adventure / Action / Superhero Training,"ü¶∏‚Äç‚ôÇÔ∏èüåü Embark on an exhilarating journey in ""Superhero Training"", where you train to become the ultimate superhero.",https://chat.openai.com/g/g-IlhL9EoLT?utm_source=davelalande.com
To the Lighthouse: Tides of Change,Adventure / Psychological / Literature,Explore the Isle of Skye in 'To the Lighthouse: Tides of Change'.,https://chat.openai.com/g/g-gMtHhiXzW?utm_source=davelalande.com
Lunar Legacy: The Soul Harvest,Sci-Fi / Adventure / Mystery / Strategy,"An epic adventure set in a near-future Earth and Moon, where you unravel the dark secret of aliens harvesting human souls.",https://chat.openai.com/g/g-OoDEtrFl7?utm_source=davelalande.com
Temporal Shadows: Echoes of Anunnaki,Adventure / Sci-Fi / Mystery,"Unleash the secrets of the Anunnaki in a time-traveling adventure that will redefine history! Dive into a world where ancient artifacts unlock alien mysteries, and your decisions shape the fate of humanity.",https://chat.openai.com/g/g-fKILAqRqE?utm_source=davelalande.com
Cosmic Voyager: Chart New Stars!,Adventure / Space Exploration / Sci-Fi,Explore the vastness of the universe and chart unknown galaxies,https://chat.openai.com/g/g-r33guadqE?utm_source=davelalande.com
Cryptic Voyages: The So Joana Enigma,Puzzle / Adventure / Historical,"Unravel the ""So Joana"" book, a book of historical riddles, real-world coordinates, and ciphers.",https://chat.openai.com/g/g-bJrSYNIc1?utm_source=davelalande.com
Veils of Reality: The Theory of Everything,RPG / Adventure / Sci-Fi / Mystery,"An epic journey through a world where advanced technology, extraterrestrial mysteries, and spiritual awakening intertwine.",https://chat.openai.com/g/g-6ZRi0e9Ll?utm_source=davelalande.com
Multiverse Odyssey: Parallel Universe Explorer,Sci-Fi / Adventure / Fantasy,"Delve into the intriguing world of theoretical physics, where you travel across different realities.",https://chat.openai.com/g/g-HX7Zq8QIM?utm_source=davelalande.com
"Mars Colony: Learn, Build, Thrive",Simulation / Strategy / Space Colonization,"üöÄüåå Embark on an extraordinary journey in ""Mars Colony: Learn, Build, Thrive"" - a game where you establish and nurture a thriving colony on Mars.",https://chat.openai.com/g/g-tKaSplZyP?utm_source=davelalande.com
Solar Nation: The 100x100 Mile Challenge,Strategy / Simulation / Environmental / Educational / Management,"Players are in charge of conceptualizing, designing, and implementing a massive solar farm in the Four Corners region.",https://chat.openai.com/g/g-qMXLOjvLv?utm_source=davelalande.com
AI Tiny Games Directory,Game Directory,120 GPT Games Directory,https://chat.openai.com/g/g-Chb5JxFEG?utm_source=davelalande.com
Hemingway: A Journey Through The Sun Also Rises,Adventure / Literary / Drama,Dive into Hemingway's 'The Sun Also Rises' and live the post-war journey of the Lost Generation.,https://chat.openai.com/g/g-404hVJltx?utm_source=davelalande.com
Bambi's Forest Odyssey: A Life in the Woods,Adventure / Educational / Exploration / Children,"Embark on a journey through the forest as Bambi, experiencing the wonders and dangers of life in the wild.",https://chat.openai.com/g/g-UdB05A12a?utm_source=davelalande.com
Television's Greatest Hack: Broadcasting Mystery,Mystery / Cyberpunk / Historical / Investigation,"A thrilling journey into the heart of 1980s Chicago, unraveling the enigmatic Max Headroom broadcast intrusion.",https://chat.openai.com/g/g-Yi9iEWIjy?utm_source=davelalande.com
Dracula's Gothic Quest: A Tale of Shadows,Horror / Adventure / Role-Playing,Navigate the dark and mysterious world of Bram Stoker's Dracula.,https://chat.openai.com/g/g-XFOAqkmNY?utm_source=davelalande.com
Sherlock Holmes: Whispers in Literature,Mystery / Detective / Literature,"Join Sherlock Holmes in unraveling the mystery of the Echoing Library, where books whisper secrets of the past.",https://chat.openai.com/g/g-IkVmWNdw4?utm_source=davelalande.com
Moon Shadows: The Ingo Swann Chronicles,Espionage / Sci-Fi / Mystery,"A game of psychic espionage, extraterrestrial mysteries and adventure that is over-the-moon.",https://chat.openai.com/g/g-UJkXeJMmy?utm_source=davelalande.com
Shadows of Hollywood: The Black Dahlia Mystery,Mystery / Noir / Historical / Investigation,"Step into the shadowy world of 1947 Los Angeles, where players become detectives or journalists unraveling the enigmatic Black Dahlia murder.",https://chat.openai.com/g/g-3SnXgDTwO?utm_source=davelalande.com
Mystery of the Arcade: The Polybius Enigma,Adventure / Mystery / Puzzle / Historical,"Set in the early 1980s, players dive into the urban legend of Polybius, a mysterious arcade game linked to adverse effects and government conspiracies.",https://chat.openai.com/g/g-m9xlVhapM?utm_source=davelalande.com
Erratas Unraveled: Shadows of the Algorithm,Mystery / Thriller / Cyberpunk / Interactive Narrative / Puzzle,"In 'Erratas Unraveled', players delve into the enigmatic world of the Erratas Algorithm.",https://chat.openai.com/g/g-c8rFtGaGp?utm_source=davelalande.com
The Great Gatsby: Roaring Twenties Adventure,Literary Adaptation / Historical Simulation / Interactive Narrative / Adventure / Drama,"Step into the opulent world of 'The Great Gatsby', experiencing the glamour, intrigue, and drama of the 1920s.",https://chat.openai.com/g/g-GBJRPEq9L?utm_source=davelalande.com
Sherlock Holmes:The Mystery of the Mechanical Heir,Mystery / Detective / Literature,Unravel the enigma of a sentient automaton heir in 'The Mystery of the Mechanical Heir'.,https://chat.openai.com/g/g-70UpDaJok?utm_source=davelalande.com
AI-Enhanced: Financial Planner,Educational / Simulation / Strategy / Financial,"Step into the future as a Financial Planner, where AI transforms financial strategy, analysis, and decision-making.",https://chat.openai.com/g/g-rW2jMTdtT?utm_source=davelalande.com